german,english,part_of_speech,cefr,example
der Mann,man,noun,A1,Der Mann arbeitet heute.
die Frau,woman,noun,A1,Die Frau wohnt in Berlin.
das Kind,child,noun,A1,Das Kind spielt im Garten.
das Haus,house,noun,A1,Das Haus ist groß.
das Auto,car,noun,A1,Das Auto ist neu.
der Freund,friend,noun,A1,Mein Freund kommt morgen.
die Familie,family,noun,A1,Meine Familie lebt in Deutschland.
essen,to eat,verb,A1,Ich esse einen Apfel.
trinken,to drink,verb,A1,Sie trinkt Wasser.
gehen,to go,verb,A1,Wir gehen nach Hause.
kommen,to come,verb,A1,Er kommt aus München.
lernen,to learn,verb,A1,Ich lerne Deutsch.
arbeiten,to work,verb,A1,Sie arbeitet heute.
wohnen,to live,verb,A1,Wir wohnen in Hamburg.
sprechen,to speak,verb,A1,Er spricht Deutsch.
gut,good,adjective,A1,Das Essen ist gut.
groß,big,adjective,A1,Das Haus ist groß.
klein,small,adjective,A1,Die Wohnung ist klein.
heute,today,adverb,A1,Ich arbeite heute.
morgen,tomorrow,adverb,A1,Wir kommen morgen.
